{
  "siteConfig": {
    "persistentHeaderMessage": "Hello",
    "telegramBotLink": "Tyrell_TheForgottenOne",
    "developerTelegramLink": "Tyrell_TheForgottenOne"
  },
  "products": [
    {
      "id": "prod1",
      "name": "Omega Art Suite Pro",
      "description": "The ultimate collection of 100+ high-resolution digital assets, including textures, brushes, and 3D models. Perfect for professional artists and designers. Commercial license included.",
      "isOutOfStock": true,
      "plans": [
        {
          "id": "plan1_1",
          "name": "Monthly License",
          "price": 20,
          "mmksPrice": 90000,
          "duration": "1 Month",
          "isOutOfStock": false
        },
        {
          "id": "plan1_2",
          "name": "Annual License",
          "price": 199,
          "mmksPrice": 895000,
          "duration": "1 Year (Best Value!)",
          "isOutOfStock": false
        },
        {
          "id": "plan1_3",
          "name": "Lifetime Deal",
          "price": 499,
          "mmksPrice": 2245000,
          "duration": "Lifetime Access",
          "isOutOfStock": false
        }
      ]
    },
    {
      "id": "prod2",
      "name": "AI-Powered Content Generator",
      "description": "Generate high-quality articles, scripts, and marketing copy in seconds with our advanced AI tool. Includes various templates and customization options.",
      "isOutOfStock": false,
      "plans": [
        {
          "id": "plan2_1",
          "name": "Starter Pack (50 Credits)",
          "price": 15,
          "mmksPrice": 67500,
          "duration": "One-time",
          "isOutOfStock": false
        },
        {
          "id": "plan2_2",
          "name": "Pro Monthly (300 Credits/mo)",
          "price": 49,
          "mmksPrice": 220000,
          "duration": "Monthly Subscription",
          "isOutOfStock": true
        }
      ]
    },
    {
      "id": "prod3",
      "name": "Exclusive Font Bundle",
      "description": "A curated collection of 25 premium fonts, perfect for branding, web design, and print. Includes various styles from modern sans-serifs to elegant scripts.",
      "isOutOfStock": false,
      "plans": [
        {
          "id": "plan3_1",
          "name": "Complete Bundle",
          "price": 39,
          "mmksPrice": 175000,
          "duration": "Lifetime License",
          "isOutOfStock": false
        },
        {
          "id": "plan_ba579a88",
          "name": "Test",
          "price": 13.0,
          "mmksPrice": 123213,
          "duration": "2",
          "isOutOfStock": false
        }
      ]
    },
    {
      "id": "prod_96750de5",
      "name": "Test",
      "description": "Testing Only",
      "isOutOfStock": false,
      "plans": [
        {
          "id": "96750de5_plan_1fb146f8",
          "name": "monthly",
          "price": 10.0,
          "mmksPrice": 44000,
          "duration": "1 month",
          "isOutOfStock": false
        }
      ]
    }
  ],
  "paymentMethods": [
    {
      "id": "kpay",
      "name": "KPay Transfer",
      "instructions": {
        "accountName": "Your KPay Business Name",
        "accountNumber": "09X-XXX-XXXX",
        "notes": "Please include your Order ID (from receipt) in the KPay payment reference."
      }
    },
    {
      "id": "binance",
      "name": "Binance (UID Payment)",
      "instructions": {
        "uid": "YOUR_BINANCE_UID",
        "currency": "USDT only",
        "notes": "Send to Binance UID. A transaction screenshot after payment is highly recommended."
      }
    }
  ],
  "adminNote": {
    "title": "Important Notice from Admin",
    "isVisible": true,
    "content": [
      "Welcome! All digital product deliveries are processed after payment confirmation via Telegram.",
      "Our current support hours are 10:00 AM to 11:00 PM (GMT+7). Inquiries or payments made outside these hours will be addressed on the following day.",
      "Please ensure you provide the correct details during payment and when contacting us on Telegram"
    ]
  },
  "faq": [
    {
      "id": "faq1",
      "question": "How quickly will I receive my product?",
      "answer": "Once your payment is confirmed on Telegram, products are typically delivered within 5-30 minutes during our operational hours. For payments outside these hours, delivery will be on the next business day."
    },
    {
      "id": "faq2",
      "question": "What if I have trouble with my payment?",
      "answer": "If you encounter any issues during the payment process, please take a screenshot and contact us immediately on Telegram using the link provided on the receipt page. We'll assist you as quickly as possible."
    },
    {
      "id": "faq3",
      "question": "Can I request a custom digital product?",
      "answer": "We primarily offer the products listed. However, for specific custom requests or bulk orders, you can contact our developer via the link in the footer to discuss possibilities."
    },
    {
      "id": "faq4",
      "question": "Are the MMKS prices fixed?",
      "answer": "MMKS prices are subject to change based on prevailing exchange rates. The price shown at the time of your plan selection is the price you will pay."
    },
    {
      "id": "faq5",
      "question": "How do I use the 'Copy Receipt' button?",
      "answer": "After you click 'I've Completed the Payment', a receipt will be shown. The 'Copy Receipt' button will copy all the essential transaction details to your clipboard, which you can then paste into your Telegram message to us."
    }
  ]
}